team,team_code,mascot,url
Arizona Cardinals,ARI,Cardinals,https://upload.wikimedia.org/wikipedia/en/thumb/7/72/Arizona_Cardinals_logo.svg/179px-Arizona_Cardinals_logo.svg.png
Atlanta Falcons,ATL,Falcons,https://upload.wikimedia.org/wikipedia/en/thumb/c/c5/Atlanta_Falcons_logo.svg/192px-Atlanta_Falcons_logo.svg.png
Baltimore Ravens,BAL,Ravens,https://upload.wikimedia.org/wikipedia/en/thumb/1/16/Baltimore_Ravens_logo.svg/193px-Baltimore_Ravens_logo.svg.png
Buffalo Bills,BUF,Bills,https://upload.wikimedia.org/wikipedia/en/thumb/7/77/Buffalo_Bills_logo.svg/189px-Buffalo_Bills_logo.svg.png
Carolina Panthers,CAR,Panthers,https://upload.wikimedia.org/wikipedia/en/thumb/1/1c/Carolina_Panthers_logo.svg/100px-Carolina_Panthers_logo.svg.png
Chicago Bears,CHI,Bears,https://upload.wikimedia.org/wikipedia/commons/thumb/5/5c/Chicago_Bears_logo.svg/100px-Chicago_Bears_logo.svg.png
Cincinnati Bengals,CIN,Bengals,https://upload.wikimedia.org/wikipedia/commons/thumb/8/81/Cincinnati_Bengals_logo.svg/100px-Cincinnati_Bengals_logo.svg.png
Cleveland Browns,CLE,Browns,https://upload.wikimedia.org/wikipedia/en/thumb/d/d9/Cleveland_Browns_logo.svg/100px-Cleveland_Browns_logo.svg.png
Dallas Cowboys,DAL,Cowboys,https://upload.wikimedia.org/wikipedia/commons/thumb/1/15/Dallas_Cowboys.svg/100px-Dallas_Cowboys.svg.png
Denver Broncos,DEN,Broncos,https://upload.wikimedia.org/wikipedia/en/thumb/4/44/Denver_Broncos_logo.svg/100px-Denver_Broncos_logo.svg.png
Detroit Lions,DET,Lions,https://upload.wikimedia.org/wikipedia/en/thumb/7/71/Detroit_Lions_logo.svg/100px-Detroit_Lions_logo.svg.png
Green Bay Packers,GB,Packers,https://upload.wikimedia.org/wikipedia/commons/thumb/5/50/Green_Bay_Packers_logo.svg/100px-Green_Bay_Packers_logo.svg.png
Houston Texans,HOU,Texans,https://upload.wikimedia.org/wikipedia/en/thumb/2/28/Houston_Texans_logo.svg/100px-Houston_Texans_logo.svg.png
Indianapolis Colts,IND,Colts,https://upload.wikimedia.org/wikipedia/commons/thumb/0/00/Indianapolis_Colts_logo.svg/100px-Indianapolis_Colts_logo.svg.png
Jacksonville Jaguars,JAX,Jaguars,https://upload.wikimedia.org/wikipedia/en/thumb/7/74/Jacksonville_Jaguars_logo.svg/100px-Jacksonville_Jaguars_logo.svg.png
Kansas City Chiefs,KC,Chiefs,https://upload.wikimedia.org/wikipedia/en/thumb/e/e1/Kansas_City_Chiefs_logo.svg/100px-Kansas_City_Chiefs_logo.svg.png
Los Angeles Chargers,LAC,Chargers,https://upload.wikimedia.org/wikipedia/en/thumb/7/72/NFL_Chargers_logo.svg/100px-NFL_Chargers_logo.svg.png
Los Angeles Rams,LA,Rams,https://upload.wikimedia.org/wikipedia/en/thumb/8/8a/Los_Angeles_Rams_logo.svg/100px-Los_Angeles_Rams_logo.svg.png
Miami Dolphins,MIA,Dolphins,https://upload.wikimedia.org/wikipedia/en/thumb/3/37/Miami_Dolphins_logo.svg/100px-Miami_Dolphins_logo.svg.png
Minnesota Vikings,MIN,Vikings,https://upload.wikimedia.org/wikipedia/en/thumb/4/48/Minnesota_Vikings_logo.svg/98px-Minnesota_Vikings_logo.svg.png
New England Patriots,NE,Patriots,https://upload.wikimedia.org/wikipedia/en/thumb/b/b9/New_England_Patriots_logo.svg/100px-New_England_Patriots_logo.svg.png
New Orleans Saints,NO,Saints,https://upload.wikimedia.org/wikipedia/commons/thumb/5/50/New_Orleans_Saints_logo.svg/98px-New_Orleans_Saints_logo.svg.png
New York Giants,NYG,Giants,https://upload.wikimedia.org/wikipedia/commons/thumb/6/60/New_York_Giants_logo.svg/100px-New_York_Giants_logo.svg.png
New York Jets,NYJ,Jets,https://upload.wikimedia.org/wikipedia/en/thumb/6/6b/New_York_Jets_logo.svg/100px-New_York_Jets_logo.svg.png
Oakland Raiders,OAK,Raiders,https://sportslogohistory.com/wp-content/uploads/2016/SLH/nfl_primary/oakland_raiders.png
Philadelphia Eagles,PHI,Eagles,https://upload.wikimedia.org/wikipedia/en/thumb/8/8e/Philadelphia_Eagles_logo.svg/100px-Philadelphia_Eagles_logo.svg.png
Pittsburgh Steelers,PIT,Steelers,https://upload.wikimedia.org/wikipedia/commons/thumb/d/de/Pittsburgh_Steelers_logo.svg/100px-Pittsburgh_Steelers_logo.svg.png
San Francisco 49ers,SF,49ers,https://upload.wikimedia.org/wikipedia/commons/thumb/3/3a/San_Francisco_49ers_logo.svg/100px-San_Francisco_49ers_logo.svg.png
Seattle Seahawks,SEA,Seahawks,https://upload.wikimedia.org/wikipedia/en/thumb/8/8e/Seattle_Seahawks_logo.svg/100px-Seattle_Seahawks_logo.svg.png
Tampa Bay Buccaneers,TB,Buccaneers,https://upload.wikimedia.org/wikipedia/en/thumb/a/a2/Tampa_Bay_Buccaneers_logo.svg/100px-Tampa_Bay_Buccaneers_logo.svg.png
Tennessee Titans,TEN,Titans,https://media.socastsrm.com/wordpress/wp-content/blogs.dir/258/files/2019/10/tennessee_titans_1999-pres.png
Washington Redskins,WAS,Redskins,https://upload.wikimedia.org/wikipedia/en/thumb/6/63/Washington_Redskins_logo.svg/100px-Washington_Redskins_logo.svg.png
